{
	"name": "MainPipeline",
	"properties": {
		"activities": [
			{
				"name": "RequestType",
				"type": "Switch",
				"dependsOn": [],
				"userProperties": [],
				"typeProperties": {
					"on": {
						"value": "@pipeline().parameters.RequestType",
						"type": "Expression"
					},
					"cases": [
						{
							"value": "Entire Design",
							"activities": [
								{
									"name": "Design",
									"type": "ExecutePipeline",
									"dependsOn": [],
									"userProperties": [],
									"typeProperties": {
										"pipeline": {
											"referenceName": "Design",
											"type": "PipelineReference"
										},
										"waitOnCompletion": true,
										"parameters": {
											"ServerName_Para": {
												"value": "@pipeline().parameters.ClientServerName",
												"type": "Expression"
											},
											"DBName_Para": {
												"value": "@pipeline().parameters.ClientDBName",
												"type": "Expression"
											},
											"UserName_Para": {
												"value": "@pipeline().parameters.ClientUserName",
												"type": "Expression"
											},
											"Pass_Para": {
												"value": "@pipeline().parameters.ClientPass",
												"type": "Expression"
											},
											"FormDesignID": {
												"value": "@pipeline().parameters.FormDesignID",
												"type": "Expression"
											}
										}
									}
								},
								{
									"name": "DesignVersion",
									"type": "ExecutePipeline",
									"dependsOn": [
										{
											"activity": "Design",
											"dependencyConditions": [
												"Succeeded"
											]
										}
									],
									"userProperties": [],
									"typeProperties": {
										"pipeline": {
											"referenceName": "DesignVersion",
											"type": "PipelineReference"
										},
										"waitOnCompletion": true,
										"parameters": {
											"ServerName_Para": {
												"value": "@pipeline().parameters.ClientServerName",
												"type": "Expression"
											},
											"DBName_Para": {
												"value": "@pipeline().parameters.ClientDBName",
												"type": "Expression"
											},
											"UserName_Para": {
												"value": "@pipeline().parameters.ClientUserName",
												"type": "Expression"
											},
											"Pass_Para": {
												"value": "@pipeline().parameters.ClientPass",
												"type": "Expression"
											},
											"FormDesignID": {
												"value": "@pipeline().parameters.FormDesignID",
												"type": "Expression"
											},
											"FormDesignVersionID": {
												"value": "@pipeline().parameters.FormDesignVersionID",
												"type": "Expression"
											}
										}
									}
								}
							]
						},
						{
							"value": "Design Version",
							"activities": [
								{
									"name": "DesignVersionCopy",
									"type": "ExecutePipeline",
									"dependsOn": [],
									"userProperties": [],
									"typeProperties": {
										"pipeline": {
											"referenceName": "DesignVersion",
											"type": "PipelineReference"
										},
										"waitOnCompletion": true,
										"parameters": {
											"ServerName_Para": {
												"value": "@pipeline().parameters.ClientServerName",
												"type": "Expression"
											},
											"DBName_Para": {
												"value": "@pipeline().parameters.ClientDBName",
												"type": "Expression"
											},
											"UserName_Para": {
												"value": "@pipeline().parameters.ClientUserName",
												"type": "Expression"
											},
											"Pass_Para": {
												"value": "@pipeline().parameters.ClientPass",
												"type": "Expression"
											},
											"FormDesignID": {
												"value": "@pipeline().parameters.FormDesignID",
												"type": "Expression"
											},
											"FormDesignVersionID": {
												"value": "@pipeline().parameters.FormDesignVersionID",
												"type": "Expression"
											}
										}
									}
								}
							]
						},
						{
							"value": "Expression Rule",
							"activities": [
								{
									"name": "ExpressionRuleCopy",
									"type": "ExecutePipeline",
									"dependsOn": [],
									"userProperties": [],
									"typeProperties": {
										"pipeline": {
											"referenceName": "ExpressionRule",
											"type": "PipelineReference"
										},
										"waitOnCompletion": true,
										"parameters": {
											"ServerName_Para": {
												"value": "@pipeline().parameters.ClientServerName",
												"type": "Expression"
											},
											"DBName_Para": {
												"value": "@pipeline().parameters.ClientDBName",
												"type": "Expression"
											},
											"UserName_Para": {
												"value": "@pipeline().parameters.ClientUserName",
												"type": "Expression"
											},
											"Pass_Para": {
												"value": "@pipeline().parameters.ClientPass",
												"type": "Expression"
											},
											"FormDesignID": {
												"value": "@pipeline().parameters.FormDesignID",
												"type": "Expression"
											},
											"FormDesignVersionID": {
												"value": "@pipeline().parameters.FormDesignVersionID",
												"type": "Expression"
											},
											"DocumentRuleID": {
												"value": "@pipeline().parameters.DocumentRuleID",
												"type": "Expression"
											}
										}
									}
								}
							]
						}
					]
				}
			},
			{
				"name": "Update QueueStatus To Complete",
				"type": "SqlServerStoredProcedure",
				"dependsOn": [
					{
						"activity": "RequestType",
						"dependencyConditions": [
							"Succeeded"
						]
					}
				],
				"policy": {
					"timeout": "7.00:00:00",
					"retry": 0,
					"retryIntervalInSeconds": 30,
					"secureOutput": false,
					"secureInput": false
				},
				"userProperties": [],
				"typeProperties": {
					"storedProcedureName": "[UI].[SyncUpdateQueueStatus]",
					"storedProcedureParameters": {
						"QID": {
							"value": {
								"value": "@pipeline().parameters.QID",
								"type": "Expression"
							},
							"type": "Int32"
						},
						"QStatus": {
							"value": "3",
							"type": "Int32"
						}
					}
				},
				"linkedServiceName": {
					"referenceName": "SourceSqlServerLS",
					"type": "LinkedServiceReference"
				}
			},
			{
				"name": "Enable Table Properties",
				"type": "SqlServerStoredProcedure",
				"dependsOn": [
					{
						"activity": "RequestType",
						"dependencyConditions": [
							"Succeeded"
						]
					}
				],
				"policy": {
					"timeout": "7.00:00:00",
					"retry": 0,
					"retryIntervalInSeconds": 30,
					"secureOutput": false,
					"secureInput": false
				},
				"userProperties": [],
				"typeProperties": {
					"storedProcedureName": "[UI].[SyncEnableTableProperties]"
				},
				"linkedServiceName": {
					"referenceName": "Target_SqlServerLS",
					"type": "LinkedServiceReference",
					"parameters": {
						"ClientServerName": {
							"value": "@pipeline().parameters.ClientServerName",
							"type": "Expression"
						},
						"ClientDBName": {
							"value": "@pipeline().parameters.ClientDBName",
							"type": "Expression"
						},
						"ClientUserNameLS": {
							"value": "@pipeline().parameters.ClientUserName",
							"type": "Expression"
						},
						"ClientPassLS": {
							"value": "@pipeline().parameters.ClientPass",
							"type": "Expression"
						}
					}
				}
			}
		],
		"parameters": {
			"QID": {
				"type": "string"
			},
			"FormDesignID": {
				"type": "string"
			},
			"FormDesignVersionID": {
				"type": "string"
			},
			"ClientServerName": {
				"type": "string"
			},
			"ClientDBName": {
				"type": "string"
			},
			"ClientUserName": {
				"type": "string"
			},
			"ClientPass": {
				"type": "string"
			},
			"RequestType": {
				"type": "string"
			},
			"DocumentRuleID": {
				"type": "string"
			}
		},
		"annotations": [],
		"lastPublishTime": "2022-07-18T08:00:20Z"
	},
	"type": "Microsoft.DataFactory/factories/pipelines"
}